{"is_source_file": true, "format": "bash", "description": "A shell script for automatically detecting and backing up different types of databases (SQLite, PostgreSQL, MySQL, MongoDB). It checks for running database instances and performs backups accordingly.", "external_files": ["/usr/lib/postgresql/", "/usr/lib/postgresql/${PG_VERSION}/bin", "/var/run/mysqld/mysqld.sock"], "external_methods": ["ls", "cp", "sudo -u postgres pg_isready", "sudo -u postgres pg_dump", "mysqladmin", "mysql", "mysqldump", "mongosh", "mongodump"], "published": [], "classes": [], "methods": [], "calls": ["ls", "cp", "sudo -u postgres pg_isready", "sudo -u postgres pg_dump", "mysqladmin ping", "mysqladmin ping", "mysql -h localhost -P ...", "mysqldump -h localhost -P ...", "mysql -h localhost -P ...", "mysql -h localhost -P ...", "sudo mysql --socket=...", "sudo mysqldump --socket=...", "mongosh --port ...", "mongodump --port ..."], "search-terms": ["backup_db.sh", "database backup script", "SQLite backup", "PostgreSQL backup", "MySQL backup", "MongoDB backup", "database detection", "database backup shell"], "state": 2, "file_id": 2, "knowledge_revision": 15, "git_revision": "18ba33ce1be8a2fc2e4521ebb03870f25256d057", "hash": "d7da372b768c895a33088027314656c3", "format-version": 4, "code-base-name": "database", "filename": "database/backup_db.sh", "revision_history": [{"15": "18ba33ce1be8a2fc2e4521ebb03870f25256d057"}]}