{"is_source_file": false, "format": "", "description": "", "external_files": [], "external_methods": [], "published": [], "classes": [], "methods": [], "calls": [], "search-terms": ["index.html", "Database Viewer", "HTML layout", "CSS styles", "JavaScript", "dynamic database viewer", "table data rendering", "client-side scripting", "API fetch", "database visualization"], "state": 2, "file_id": 7, "knowledge_revision": 13, "git_revision": "18ba33ce1be8a2fc2e4521ebb03870f25256d057", "hash": "ee63333a4841bf025439c755a74c9881", "format-version": 4, "code-base-name": "database", "filename": "database/db_visualizer/public/index.html", "revision_history": [{"13": "18ba33ce1be8a2fc2e4521ebb03870f25256d057"}]}