{"is_source_file": true, "format": "bash script", "description": "This file is a shell script that automates the restoration of various databases based on detected backup files and database availability. It handles SQLite, PostgreSQL, MySQL, and MongoDB backups, detecting appropriate backup files and database states before executing restore commands.", "external_files": ["database_backup.db", "database_backup.sql", "database_backup.archive"], "external_methods": ["ls", "cp", "sudo -u postgres pg_isready", "psql", "mysqladmin", "mysql", "mongosh", "mongorestore"], "published": [], "classes": [], "methods": [], "calls": ["ls", "cp", "sudo -u postgres pg_isready", "psql", "mysqladmin", "mysql", "mongosh", "mongorestore"], "search-terms": ["restore_db.sh", "database restore script", "backup detection", "SQLite restore", "PostgreSQL restore", "MySQL restore", "MongoDB restore", "backup files"], "state": 2, "file_id": 4, "knowledge_revision": 12, "git_revision": "18ba33ce1be8a2fc2e4521ebb03870f25256d057", "hash": "d42c3e6cbc3bbd627e3c08afcf4183ec", "format-version": 4, "code-base-name": "database", "filename": "database/restore_db.sh", "revision_history": [{"12": "18ba33ce1be8a2fc2e4521ebb03870f25256d057"}]}